DYL1_HUMAN / CDC7_HUMAN,0.4345,2,A,Y65,R100,8.0,64.75,194.0,0.0,HCIVGRNFGSy*VTHETKHFIY,DDR2
DYL1_HUMAN / CDC7_HUMAN,0.4345,2,A,T67,R373,0.0,68.62,5.0,0.0,IVGRNFGSYVt*HETKHFIYFY,CAMKK1
SLX4_HUMAN / XPF_HUMAN,0.993166667,"1,2,4",A,T500,R595,2.3333333333333335,78.79,2.0,0.0,LLSEEVELSSt*PPLPASRILK,PINK1
SCC4_HUMAN / MCM3_HUMAN,0.3075,"1,2",B,S711,K311,7.5,54.03,119.0,1.0,DGDSYDPYDFs*DTEEEMPQVH,CK2A2,0.14319,0.3080432,0.5587258,0.04679826,0.5501392,0.2060302,-0.08171794,0.06158364,0.3650079,0.06297693,0.3827823
APLF_HUMAN / XRCC5_HUMAN,0.6709999999999999,"1,2,4",B,S145,R184,3.3333333333333335,88.33333333333333,18.0,0.0,FTDLSSRFSKs*QLDIIIHSLK,MARK1,0.2528366,-0.01300783,-0.1049938,0.3116854,-0.04588812,-0.2998472,0.06074269,-0.06192458,0.004322447,0.1040883,0.0002935476
CLSPN_HUMAN / TIM_HUMAN,0.9885,"1,2,4",A,S1129,K36,2.0,58.50333333333333,2.0,0.0,ERYLADGDLHs*DGPGRMRKFR,MOS
CLSPN_HUMAN / TIM_HUMAN,0.9885,1,B,Y41,R1136,0.0,87.43,1.0,0.0,CLESVKDLIRy*LRHEDETRDV,TYK2
ATRIP_HUMAN / ORC6_HUMAN,0.869666667,4,B,S81,R760,2.0,77.5,1.0,0.0,LSGLNKETYQs*CLKSFECLLG,SLK
FANCC_HUMAN / FANCE_HUMAN,0.999,"1,2,4",B,S180,R433,3.0,74.62666666666667,6.0,0.0,GLGLGGRRLKs*PQAPDPEEEE,MOK,0.271867,-0.02497235,0.0906052,0.3283207,0.1623821,0.0965852,0.08285344,0.4015964,0.05046405,0.04838364,0.4262903
RNH2B_HUMAN / PCNA_HUMAN,0.825333333,"1,2,4",B,Y211,K291,1.6666666666666667,95.39666666666666,3.0,5.0,EPVQLTFALRy*LNFFTKATPL,TNK1
RAD21_HUMAN / SMC1A_HUMAN,0.98125,"2,4",A,Y598,K38,2.0,92.78,7.0,0.0,TNRKQAAAKFy*SFLVLKKQQA,DDR1
FANCJ_HUMAN / UBP37_HUMAN,0.558416667,"1,4",A,Y461,K411,5.0,63.83,1.0,0.0,ANAEYLVERDy*ESACKIWSGN,EPHA6
XRCC1_HUMAN / NEIL1_HUMAN,0.51725,1,A,T519,K54,4.0,57.91,7.0,2.0,ENGEDPYAGSt*DENTDSEEHQ,VRK1
NIPBL_HUMAN / SCC4_HUMAN,0.9733333329999999,"1,2,4",A,S85,K43,3.0,60.373333333333335,1.0,0.0,DHIELKDNLGs*DDPEGDIPVL,CAMK2G
WAPL_HUMAN / PDS5A_HUMAN,0.804083333,1,A,Y555,R929,9.0,55.91,1.0,0.0,GPKRSPTKAVy*NARHWNHPDS,DDR1
WAPL_HUMAN / PDS5A_HUMAN,0.804083333,"1,2,4",B,S870,K425,5.333333333333333,91.62666666666667,2.0,0.0,TLRLLSAMLVs*EGDLTEQKRI,CDC7
MCM5_HUMAN / MCM7_HUMAN,0.565833333,2,A,S604,R494,9.77,62.19,1.0,0.0,RQHERDSDRRs*SIPITVRQLE,CK1G3
MCM5_HUMAN / MCM7_HUMAN,0.565833333,"1,2",B,S388,R513,8.915,84.06,1.0,0.0,CLMGDPGVAKs*QLLSYIDRLA,RIPK3
XRCC6_HUMAN / DPOD4_HUMAN,0.30025,"1,2,4",A,S306,R50,5.0,79.29333333333334,4.0,0.0,VKTKTRTFNTs*TGGLLLPSDT,NEK7
CUL2_HUMAN / RECQ4_HUMAN,0.584833333,4,B,Y353,K565,6.7,67.6,3.0,0.0,PRLARHDRGNy*VRLNMKQKHY,PDGFRB
UBP7_HUMAN / NSE3_HUMAN,0.674666667,"1,2,4",B,S49,R104,3.0,79.41666666666667,2.0,0.0,LRDGFAEEAPs*TSRGPGGSQG,CK1D
ERCC3_HUMAN / MCM7_HUMAN,0.419,2,B,Y102,K311,5.0,71.88,1.0,0.0,EVVNKDVLDVy*IEHRLMMEQR,FLT3
DPOLA_HUMAN / RFA1_HUMAN,0.860083333,"1,2,4",A,Y942,K502,0.8533333333333334,93.94,1.0,0.0,QDLNPDLILQy*DIRQKALKLT,MUSK
UNG_HUMAN / RFA2_HUMAN,0.882666667,"1,2,4",A,S63,R221,6.333333333333333,51.18,15.0,0.0,AGQEEPGTPPs*SPLSAEQLDR,CHAK2,-0.160278,0.02748927,-0.3517358,-0.2533845,0.1213408,0.1231326,-0.02439422,0.2278145,-0.1044968,0.1641326,-0.2974111
ERCC3_HUMAN / TINF2_HUMAN,0.336583333,"2,4",A,S751,R56,4.0,61.769999999999996,0.0,1.0,SRRFGTMSSMs*GADDTVYMEY,HUNK
PSF2_HUMAN / RECQ4_HUMAN,0.501916667,"1,2,4",A,S104,R751,6.43,84.03,1.0,0.0,ELTKLLLNHAs*DNIPKADEIR,CHK1
DPOD4_HUMAN / PCNA_HUMAN,0.852916667,"1,2,4",B,Y211,K4,3.4599999999999995,96.58666666666666,3.0,5.0,EPVQLTFALRy*LNFFTKATPL,TNK1
CLSPN_HUMAN / LLR1_HUMAN,0.349416667,1,A,S1129,R281,1.36,50.0,2.0,0.0,ERYLADGDLHs*DGPGRMRKFR,MOS
RFC2_HUMAN / RFC3_HUMAN,0.571083333,"1,2",A,S108,R150,3.965,64.465,1.0,0.0,LKDAMLELNAs*NDRGIDVVRN,PINK1
DPOD2_HUMAN / DPOD3_HUMAN,0.9986666669999998,"1,2,4",B,S133,R26,0.9566666666666667,97.41333333333334,1.0,0.0,KSNLQNCSKFs*AIQCAAAVPR,IRAK1
RMI1_HUMAN / TOP3A_HUMAN,0.974416667,"1,2,4",A,T112,K529,1.0,89.75666666666666,1.0,0.0,QIQKLRGKNTt*NDLVTAEAQV,DAPK3
RMI1_HUMAN / TOP3A_HUMAN,0.974416667,"1,2,4",A,T123,K319,3.0,80.63666666666667,1.0,0.0,NDLVTAEAQVt*PKPWEAKPSR,PINK1
HELQ_HUMAN / RA51D_HUMAN,0.992333333,"1,2,4",A,T281,K201,4.0,62.589999999999996,11.0,0.0,NAMTGNAKAQt*PIFSRSKQLK,VRK2
CTIP_HUMAN / DPOD2_HUMAN,0.4405,1,A,T847,K277,5.0,76.71,2.0,6.0,RHRFRYIPPNt*PENFWEVGFP,P38A
CDCA5_HUMAN / SCC4_HUMAN,0.302083333,4,B,Y76,K187,0.0,90.88,1.0,0.0,RTHLQLGSVLy*HHTKNSEQAR,MUSK
FEN1_HUMAN / PCNA_HUMAN,0.9692500000000001,"1,2,4",A,S335,K254,3.1933333333333334,68.33666666666666,9.0,0.0,VKRLSKSRQGs*TQGRLDDFFK,PKCG
FAN1_HUMAN / PMS2_HUMAN,0.496666667,4,B,S793,R424,7.0,75.94,1.0,0.0,VDELIFMLSDs*PGVMCRPSRV,PDHK1
MLH1_HUMAN / MLH1_HUMAN,0.9972499999999999,"1,2,4",A,S87,R18,3.0,82.81333333333333,2.0,1.0,CERFTTSKLQs*FEDLASISTY,MARK1
PCNA_HUMAN / TICRR_HUMAN,0.614,2,A,Y211,R914,9.72,92.55,3.0,5.0,EPVQLTFALRy*LNFFTKATPL,TNK1
CDC45_HUMAN / PSF1_HUMAN,0.78925,"1,2",B,T165,R18,9.415,76.315,1.0,0.0,DYGEFEVDDGt*SVLLKKNSQH,TTK
SCC4_HUMAN / ETAA1_HUMAN,0.697083333,1,A,Y240,K820,0.0,89.94,1.0,0.0,VFFLVLQVTHy*LDAGQVKSVK,CSK
SCC4_HUMAN / ETAA1_HUMAN,0.697083333,2,B,T599,K250,7.0,54.41,1.0,0.0,IIKACHQLDNt*WEADDVDDDL,LATS1
SMC3_HUMAN / DPOD2_HUMAN,0.42875,4,B,S47,R672,7.0,66.06,1.0,0.0,QPFRLGERSFs*RQYAHIYATR,HRI
RN168_HUMAN / UBP37_HUMAN,0.46,4,B,S415,R466,7.0,85.38,1.0,0.0,DLLKKVKNAIs*ATAERFSGYM,PRPK
ELOB_HUMAN / TIPIN_HUMAN,0.556333333,"1,2,4",A,T16,R144,3.896666666666667,93.15666666666668,1.0,0.0,MIRRHKTTIFt*DAKESSTVFE,MRCKA
TONSL_HUMAN / CHK1_HUMAN,0.478666667,4,B,S316,R163,4.0,53.16,2.0,0.0,ASSEENVKYSs*SQPEPRTGLS,GRK5
TONSL_HUMAN / CHK1_HUMAN,0.478666667,"1,4",B,S317,R163,4.0,56.64,26.0,98.0,SSEENVKYSSs*QPEPRTGLSL,GRK5,1.390052,1.327476,1.345381,0.1804912,1.206319,1.430495,1.307251,0.715527,0.1176306,1.524195,0.7364
DPOLA_HUMAN / RFA1_HUMAN,0.860083333,4,B,Y581,K930,8.69,60.73,10.0,0.0,IFRVRVKVETy*NDESRIKATV,EPHA4
CDCA5_HUMAN / PDS5B_HUMAN,0.686083333,4,A,S164,R852,4.0,58.19,4.0,1.0,SASTSTPGRRs*CFGFEGLLGA,MNK2
FACD2_HUMAN / FANCI_HUMAN,1.0,"1,2,4",A,S251,K523,1.3333333333333333,78.87333333333333,1.0,0.0,LTVPILDVLSs*LRLDPNFLLK,TTBK1
TOP2A_HUMAN / TOP2B_HUMAN,0.9925,"1,2,4",B,T639,R804,1.0,94.70333333333333,1.0,0.0,WKIKYYKGLGt*STAKEAKEYF,NEK1
MCMBP_HUMAN / MCM7_HUMAN,0.9985,"1,2,4",B,S392,K487,1.0,80.46,2.0,0.0,DPGVAKSQLLs*YIDRLAPRSQ,RIPK3
NBN_HUMAN / MRE11_HUMAN,0.833583333,"1,2,4",A,S706,K204,4.0,72.88333333333334,1.0,0.0,AGKLPHIIGGs*DLIAHHARKN,PRPK
NIPBL_HUMAN / RAD21_HUMAN,0.97525,"1,2,4",B,S134,R1819,2.6666666666666665,71.71,1.0,0.0,LDDIDVAQQFs*LNQSRVEEIT,YSK4
NIPBL_HUMAN / RAD21_HUMAN,0.97525,"1,2,4",B,T144,R1856,1.3333333333333333,88.0,2.0,1.0,SLNQSRVEEIt*MREEVGNISI,ALK4
UBP7_HUMAN / TRAIP_HUMAN,0.36375,"1,4",B,S295,R104,8.5,54.92,3.0,0.0,SETVDRLVLEs*PAPVEVNLKL,P38D
CDC7_HUMAN / TOPB1_HUMAN,0.5055,4,B,S1138,K179,9.06,58.17,1.0,2.0,QTVPDVNTEPs*QNEQIIWDDP,ATR
CTF18_HUMAN / RFC4_HUMAN,0.7825833330000002,"1,2,4",A,T381,R164,1.2733333333333332,89.95,1.0,0.0,LLCGPPGLGKt*TLAHVIARHA,NEK5
ERCC1_HUMAN / TOPB1_HUMAN,0.416416667,2,B,S142,K37,1.0,88.69,2.0,0.0,GGRVYRDLNVs*VTHLIAGEVG,NEK7
DNLI3_HUMAN / DPOLB_HUMAN,0.637666667,"1,2,4",B,Y322,R1001,4.666666666666667,89.93666666666667,1.0,0.0,PVDSEKDIFDy*IQWKYREPKD,IGF1R
MUS81_HUMAN / SLX4_HUMAN,0.7245,"1,2,4",A,Y53,K1594,1.3333333333333333,89.20666666666666,2.0,0.0,FQKALRSLRRy*PLPLRSGKEA,TNK1
ELOB_HUMAN / MTBP_HUMAN,0.359333333,4,A,T74,R248,1.3,86.96,1.0,0.0,SQTARPQAPAt*VGLAFRADDT,MAP3K15
NIPBL_HUMAN / PRI1_HUMAN,0.35025,4,A,S2570,K95,2.0,72.12,1.0,0.0,SDSKIQKYSPs*ESAKVYDKAI,PRPK
CTIP_HUMAN / NBN_HUMAN,0.556833333,"1,2",A,T693,K156,3.0,71.86500000000001,0.0,1.0,LGGETVDMDCt*LVSETVLLKM,PLK1
CHK1_HUMAN / CLSPN_HUMAN,0.771833333,4,B,S945,R162,4.0,51.92,2.0,2.0,ENMEELLNLCs*GKFTSQDAST,RIPK3
BLM_HUMAN / TOPB1_HUMAN,0.498416667,2,A,S304,K704,8.0,51.31,6.0,2.0,DDYDTDFVPPs*PEEIISASSS,JNK1
MDC1_HUMAN / ABRX1_HUMAN,0.335,"1,2,4",B,T408,R1932,7.0,66.82333333333334,5.0,0.0,KGFGEYSRSPt*F,PDK1
RFA3_HUMAN / RFC2_HUMAN,0.349666667,1,B,Y161,K88,1.42,88.4,1.0,0.0,QQALRRTMEIy*SKTTRFALAC,TEC
NSE4A_HUMAN / SMC6_HUMAN,0.995166667,2,B,S1068,R246,3.0,73.81,1.0,0.0,SSKLIRILRMs*DPERGQTTLP,CDC7
RAD51_HUMAN / XRCC3_HUMAN,0.95175,"1,2,4",A,Y315,R302,6.333333333333333,86.41666666666667,1.0,5.0,GRGETRICKIy*DSPCLPEAEA,ABL
CDC7_HUMAN / RFA1_HUMAN,0.534916667,"1,2",B,Y581,R373,3.555,62.765,10.0,0.0,IFRVRVKVETy*NDESRIKATV,EPHA4
MBD4_HUMAN / PMS1_HUMAN,0.328333333,"1,2,4",A,T439,R886,1.0,90.83333333333333,1.0,0.0,PPRRKAFKKWt*PPRSPFNLVQ,TAO2
DCR1C_HUMAN / DDB1_HUMAN,0.597,1,B,Y871,R155,1.0,93.75,2.0,0.0,VAEKEVKGAVy*SMVEFNGKLL,FES
FACD2_HUMAN / REV1_HUMAN,0.5035,1,A,S251,R1215,9.0,74.25,1.0,0.0,LTVPILDVLSs*LRLDPNFLLK,TTBK1
TONSL_HUMAN / RECQ4_HUMAN,0.6485,"1,2,4",A,Y334,K382,3.6666666666666665,88.59666666666665,3.0,0.0,AGDFPRAAEAy*QKQLRFAELL,TYK2
TONSL_HUMAN / CDCA5_HUMAN,0.452166667,4,B,S145,R203,6.0,50.28,4.0,0.0,DLEMSKKVRRs*YSRLETLGSA,WNK1
TONSL_HUMAN / CDCA5_HUMAN,0.452166667,4,B,Y146,R163,4.0,50.09,2.0,0.0,LEMSKKVRRSy*SRLETLGSAS,DDR2
PRI1_HUMAN / PRI2_HUMAN,0.942333333,"1,2,4",B,Y201,K214,1.1566666666666665,97.53333333333335,2.0,0.0,ALDLFRGRKVy*LEDGFAYVPL,DDR1
SCC4_HUMAN / MCM3_HUMAN,0.3075,2,B,Y708,K285,7.0,61.97,31.0,0.0,DAKDGDSYDPy*DFSDTEEEMP,TXK,-0.2219123,0.274779,-0.1707632,-0.2026,-0.2663293,0.07278773,-0.1507234,-0.1570397,0.05626744,-0.0266018,-0.1690374
XRCC6_HUMAN / AFG2B_HUMAN,0.343666667,4,A,S155,R320,9.0,72.06,0.0,3.0,EVLWVCANLFs*DVQFKMSHKR,CDC7
RAD17_HUMAN / RAD9A_HUMAN,0.9689166669999999,"1,2,4",B,T268,R251,5.0,57.5,1.0,0.0,GHFVLATLSDt*DSHSQDLGSP,MEK2
XRCC1_HUMAN / NEIL1_HUMAN,0.51725,2,A,T488,K54,6.0,52.84,9.0,3.0,QDNGAEDSGDt*EDELRRVAEQ,AlphaK3,-0.06648642,-0.0443409,-0.01549793,0.1220636,0.2169948,0.06596125,0.1624054,0.2178144,-0.07230465,-0.0001849333,0.1209937
DDB1_HUMAN / DDB2_HUMAN,0.9573333329999999,"1,2,4",A,Y871,R71,1.0,98.08333333333333,2.0,0.0,VAEKEVKGAVy*SMVEFNGKLL,FES
MMS22_HUMAN / WDHD1_HUMAN,0.8555833329999999,"1,2,4",B,S33,K505,1.0,88.02999999999999,1.0,0.0,DSGSFIVTCGs*DGDVRIWEDL,CDC7
MUS81_HUMAN / RFC4_HUMAN,0.307083333,"1,2,4",A,Y53,K196,5.666666666666667,80.64333333333333,2.0,0.0,FQKALRSLRRy*PLPLRSGKEA,TNK1
MCM3_HUMAN / MCM4_HUMAN,0.396916667,"1,4",B,S707,R506,7.905,87.02000000000001,1.0,0.0,TIMPRLSEEAs*QALIEAYVDM,ATM
ELOB_HUMAN / ELOB_HUMAN,0.857416667,"1,2,4",A,T16,K11,3.9933333333333336,91.85666666666667,1.0,0.0,MIRRHKTTIFt*DAKESSTVFE,MRCKA
MCM8_HUMAN / MCM3_HUMAN,0.67325,2,B,S474,K522,3.0,71.19,4.0,0.0,TPMENIGLQDs*LLSRFDLLFI,PDHK1
RFC1_HUMAN / RFC2_HUMAN,0.9965,"1,2",A,S914,K318,3.08,95.725,1.0,0.0,HLMLLSRAADs*ICDGDLVDSQ,PDHK1
MCM3_HUMAN / MCM7_HUMAN,0.8344999999999999,"1,2,4",B,S544,R327,5.386666666666667,73.29,2.0,0.0,AQHITYVHQHs*RQPPSQFEPL,MAPKAPK3
RAD21_HUMAN / STAG2_HUMAN,0.9994999999999999,"1,2,4",B,T749,R391,2.3333333333333335,86.31333333333333,1.0,0.0,YVILWQLAKIt*ESSSTKEDLL,AlphaK3
STAG1_HUMAN / RAD21_HUMAN,1.0,"1,2,4",A,S159,K323,2.0,87.0,1.0,0.0,RKMTEEFDEDs*GDYPLTMPGP,TLK1
TYDP2_HUMAN / SMC3_HUMAN,0.48725,"1,2,4",A,Y139,K300,3.0,94.95666666666666,1.0,0.0,LSERARGVCSy*LALYSPDVIF,JAK1
NSE4A_HUMAN / SMC3_HUMAN,0.6285,4,B,S1013,K147,8.0,70.12,1.0,0.0,RQEELDRGYKs*IMELMNVLEL,TBK1
DDB1_HUMAN / RAD9A_HUMAN,0.371166667,1,A,Y871,K78,1.0,94.5,2.0,0.0,VAEKEVKGAVy*SMVEFNGKLL,FES
TERF1_HUMAN / FACD2_HUMAN,0.5385,4,B,S251,K213,2.0,72.69,1.0,0.0,LTVPILDVLSs*LRLDPNFLLK,TTBK1
MCM3_HUMAN / PSF3_HUMAN,0.732916667,"1,2,4",A,S535,K90,6.7,53.98,3.0,1.0,DILATDDPNFs*QEDQQDTQIY,IKKA
NIPBL_HUMAN / STAG2_HUMAN,0.975166667,"1,2,4",B,T602,R1474,2.0,87.25333333333333,1.0,0.0,PQYFDLEIYTt*GRLEKHLDAL,BIKE
PSF1_HUMAN / TOPB1_HUMAN,0.806916667,"1,2,4",B,S492,K51,5.593333333333334,75.40666666666667,16.0,1.0,KHEQADEDLLs*QYENGSSTVV,CK1G3
BARD1_HUMAN / ORC6_HUMAN,0.59325,"2,4",A,T719,R174,3.0,87.715,1.0,0.0,PDSDVTQTINt*VAYHARPDSD,TTK
MUS81_HUMAN / PDS5A_HUMAN,0.386666667,"1,2,4",A,Y53,R862,7.666666666666667,72.12666666666667,2.0,0.0,FQKALRSLRRy*PLPLRSGKEA,TNK1
CDT1_HUMAN / DCC1_HUMAN,0.767166667,"1,2,4",A,T358,K282,3.106666666666667,78.42666666666666,1.0,1.0,LPQPPATEKLt*TAQEVLARAR,VRK1
FANCA_HUMAN / BRCA1_HUMAN,0.655583333,4,A,S421,R296,4.0,80.44,1.0,0.0,VARLMAQAFEs*CQLDSMVTAF,CAMKK2
PNKP_HUMAN / XRCC1_HUMAN,0.577166667,"1,2,4",B,Y515,R35,3.3333333333333335,54.343333333333334,1.0,0.0,PGQEENGEDPy*AGSTDENTDS,FGR
PNKP_HUMAN / XRCC1_HUMAN,0.577166667,"1,2,4",B,S518,R44,4.0,54.95666666666667,7.0,3.0,EENGEDPYAGs*TDENTDSEEH,PDHK4
PNKP_HUMAN / XRCC1_HUMAN,0.577166667,"1,2,4",B,T519,R48,4.666666666666667,57.626666666666665,7.0,2.0,ENGEDPYAGSt*DENTDSEEHQ,VRK1
KIF4A_HUMAN / KIF4A_HUMAN,0.99125,4,A,S894,K695,5.0,82.75,1.0,0.0,LESSLKQSKTs*CADMQKMLFE,HUNK
RFC1_HUMAN / RFC3_HUMAN,0.9947500000000001,"1,2,4",A,S909,K338,1.5433333333333332,97.03333333333335,1.0,0.0,GDMKKHLMLLs*RAADSICDGD,CAMKK1
RTEL1_HUMAN / CDC6_HUMAN,0.374666667,"1,2,4",A,T1104,K379,6.0,63.24,1.0,0.0,KVLAVLAALTt*AKPEDFPLLH,BUB1
RAD17_HUMAN / RFC4_HUMAN,0.725583333,"1,2,4",A,S335,K196,4.333333333333333,82.51666666666667,2.0,0.0,LCQGCSGDIRs*AINSLQFSSS,CK1G1
RD23B_HUMAN / EXO5_HUMAN,0.329083333,"1,2",B,T116,K67,2.5,82.625,1.0,0.0,LAPEKAAVLDt*GASIHLAREL,GAK
FACD2_HUMAN / FACD2_HUMAN,0.473666667,1,A,S251,K561,6.0,73.5,1.0,0.0,LTVPILDVLSs*LRLDPNFLLK,TTBK1
XRCC5_HUMAN / XRCC6_HUMAN,0.999,"1,2,4",A,S244,R444,1.3333333333333333,78.91666666666667,4.0,0.0,LCVFKKIERHs*IHWPCRLTIG,CK1A2
XRCC5_HUMAN / XRCC6_HUMAN,0.999,"1,2,4",A,S255,K526,2.0,88.72666666666667,6.0,0.0,IHWPCRLTIGs*NLSIRIAAYK,NEK9,-0.1067223,-0.005058837,-0.1679144,-0.1675026,-0.1844091,-0.08033933,0.1568562,-0.01429013,-0.02291019,0.02917523,-0.2387595
XRCC5_HUMAN / XRCC6_HUMAN,0.999,"1,2,4",A,Y295,K287,1.0,93.66333333333334,4.0,0.0,KKEDIQKETVy*CLNDDDETEV,CSK
XRCC5_HUMAN / XRCC6_HUMAN,0.999,"1,2,4",A,S436,K253,2.0,87.39333333333333,1.0,0.0,FMEDLRQYMFs*SLKNSKKYAP,IRAK1
XRCC5_HUMAN / XRCC6_HUMAN,0.999,"1,2,4",B,T302,K291,1.0,91.35333333333334,2.0,0.0,TNEPVKTKTRt*FNTSTGGLLL,NEK11
XRCC5_HUMAN / XRCC6_HUMAN,0.999,"1,2,4",B,Y322,K274,1.0,89.73,5.0,0.0,LPSDTKRSQIy*GSRQIILEKE,YES
XRCC5_HUMAN / XRCC6_HUMAN,0.999,"1,2,4",B,T428,R354,1.3333333333333333,93.68666666666667,1.0,0.0,EELDDQKIQVt*PPGFQLVFLP,BIKE
MCM9_HUMAN / MSH2_HUMAN,0.652833333,4,A,T1064,K449,6.0,59.41,2.0,0.0,TLARLANFCFt*PPSESKSKSP,GSK3B
DYL1_HUMAN / DYL1_HUMAN,0.992083333,"1,2,4",A,S64,K36,0.6666666666666666,98.70666666666666,2.0,0.0,WHCIVGRNFGs*YVTHETKHFI,MASTL
DYL1_HUMAN / DYL1_HUMAN,0.992083333,"1,2,4",A,Y65,K44,0.0,98.68666666666667,194.0,0.0,HCIVGRNFGSy*VTHETKHFIY,DDR2
DYL1_HUMAN / DYL1_HUMAN,0.992083333,"1,2,4",A,T67,K43,0.6666666666666666,97.97666666666667,5.0,0.0,IVGRNFGSYVt*HETKHFIYFY,CAMKK1
ERCC3_HUMAN / TOPB1_HUMAN,0.42475,"1,2,4",A,Y758,K710,6.333333333333333,56.343333333333334,7.0,0.0,SSMSGADDTVy*MEYHSSRSKA,LYN
DPOD1_HUMAN / DPOD2_HUMAN,0.997666667,1,A,T993,K262,6.21,75.15,1.0,0.0,LLRGDHTRCKt*VLTGKVGGLL,LATS1
RECQ1_HUMAN / RECQ1_HUMAN,0.95425,"1,2,4",A,Y559,R243,2.0,95.77,1.0,0.0,FLIQQYLKEDy*SFTAYATISY,IGF1R
DPOD1_HUMAN / DPOE2_HUMAN,0.555333333,4,B,Y465,R1097,1.79,90.25,2.0,0.0,PLYVCPVYWAy*DYALRVYPVP,DDR1
MSH2_HUMAN / MSH3_HUMAN,0.9940000000000001,"1,2,4",A,Y66,K349,2.0,88.71,1.0,0.0,EVFKTQGVIKy*MGPAGAKNLQ,JAK2
RAD51_HUMAN / RAD51_HUMAN,0.9815,"2,4",B,Y315,R130,7.5,88.345,1.0,5.0,GRGETRICKIy*DSPCLPEAEA,ABL
MCMBP_HUMAN / MCM9_HUMAN,0.969416667,"1,2,4",A,S298,R256,2.0,78.04,27.0,0.0,TDTAEEQRVHs*PPASLVPRIH,HIPK4,0.08169294,0.009150804,0.07851481,0.06054195,0.03087113,0.02225557,0.1013259,0.1143041,0.05352928,0.07341237,0.06472083
SMC1A_HUMAN / SMC3_HUMAN,0.999,"1,2,4",A,Y441,R726,4.0,79.87666666666667,1.0,0.0,NQKRIEKLEEy*ITTSKQSLEE,VEGFR1
SMC1A_HUMAN / SMC3_HUMAN,0.999,"1,2,4",A,Y575,R644,4.333333333333333,84.70666666666666,2.0,0.0,GEPETFLPLDy*LEVKPTDEKL,JAK2
SMC1A_HUMAN / SMC3_HUMAN,0.999,"1,2,4",A,Y611,R661,2.3333333333333335,90.58666666666666,9.0,0.0,EPPHIKKALQy*ACGNALVCDN,ABL
SMC1A_HUMAN / SMC3_HUMAN,0.999,"1,2,4",A,Y714,K727,3.6666666666666665,80.29,9.0,0.0,QAHGLQMRLKy*SQSDLEQTKT,TNK1
SMC1A_HUMAN / SMC3_HUMAN,0.999,"1,2,4",A,S715,R726,4.0,81.29333333333334,1.0,0.0,AHGLQMRLKYs*QSDLEQTKTR,MARK1
SMC1A_HUMAN / SMC3_HUMAN,0.999,"2,4",A,Y973,K935,4.0,65.72,4.0,0.0,VSGSQRISSIy*AREALIEIDY,EPHA6
SMC1A_HUMAN / SMC3_HUMAN,0.999,"1,2,4",B,S292,R295,3.3333333333333335,78.93666666666667,1.0,0.0,SAMKEEKEQLs*AERQEQIKQR,FAM20C
SMC1A_HUMAN / SMC3_HUMAN,0.999,"1,2,4",B,Y668,R564,2.0,81.64666666666666,51.0,0.0,VSHRGALTGGy*YDTRKSRLEL,JAK3
SMC1A_HUMAN / SMC3_HUMAN,0.999,"1,2,4",B,T773,R398,4.333333333333333,76.75,1.0,0.0,LEASLHAMESt*RESLKAELGT,HRI
SMC1A_HUMAN / SMC3_HUMAN,0.999,"1,2,4",B,S787,K384,7.666666666666667,59.44,11.0,1.0,LKAELGTDLLs*QLSLEDQKRV,SMG1,0.4574135,0.9997636,0.9101245,0.02295152,2.069147,0.5625584,0.4792987,1.444259,0.866913,0.8591694,0.1716692
RNH2A_HUMAN / RNH2B_HUMAN,0.965916667,"1,2,4",A,T297,K39,1.0,94.71,1.0,0.0,YFLERGLESAt*SL,VRK1
RNH2A_HUMAN / RNH2B_HUMAN,0.965916667,"1,2,4",A,S298,R14,1.0,91.20666666666666,3.0,0.0,FLERGLESATs*L,CK1G1,-0.1220873,-0.2483556,-0.2315648,-0.04698929,-0.1638904,-0.1985322,-0.1547416,0.1211919,0.1032102,0.05237346,0.06856057
CDC6_HUMAN / ORC1_HUMAN,0.99125,"1,2,4",B,S850,R494,3.6999999999999997,88.21,5.0,0.0,DLLLRVRLNVs*QDDVLYALKD,DNAPK
MCMBP_HUMAN / CDT1_HUMAN,0.4125,1,A,S298,R5,1.0,82.69,27.0,0.0,TDTAEEQRVHs*PPASLVPRIH,HIPK4,0.08169294,0.009150804,0.07851481,0.06054195,0.03087113,0.02225557,0.1013259,0.1143041,0.05352928,0.07341237,0.06472083
PSF1_HUMAN / RFA1_HUMAN,0.372916667,2,B,T191,K51,8.79,79.03,12.0,0.0,QSKVVPIASLt*PYQSKWTICA,ASK1,0.09911242,-0.1171355,-0.163311,-0.2897712,-0.4095162,-0.1362329,-0.2492984,-0.2307364,-0.3542113,-0.113722,-0.1435042
CTF18_HUMAN / RFC2_HUMAN,0.986166667,"1,2,4",A,T381,R155,1.5599999999999998,91.67333333333333,1.0,0.0,LLCGPPGLGKt*TLAHVIARHA,NEK5
SLF1_HUMAN / RAD18_HUMAN,0.752083333,4,B,S442,K20,7.0,51.03,0.0,1.0,SSSESDSCNSs*SSDIIRDLLE,HUNK
ERCC3_HUMAN / XPF_HUMAN,0.835666667,"1,2,4",A,S751,R195,2.3333333333333335,86.33333333333333,0.0,1.0,SRRFGTMSSMs*GADDTVYMEY,HUNK
ERCC3_HUMAN / XPF_HUMAN,0.835666667,"1,2,4",A,Y758,K637,4.666666666666667,73.67999999999999,7.0,0.0,SSMSGADDTVy*MEYHSSRSKA,LYN
MCM2_HUMAN / MCM7_HUMAN,0.687083333,"2,4",B,S388,R656,8.015,80.715,1.0,0.0,CLMGDPGVAKs*QLLSYIDRLA,RIPK3
TE2IP_HUMAN / WAPL_HUMAN,0.530166667,"1,2",B,Y616,R364,6.5,58.875,3.0,0.0,IKTVTIPTQPy*QDIVTALKCR,EPHA4
BRCA1_HUMAN / RFA1_HUMAN,0.621,1,B,T191,R1699,7.0,82.38,12.0,0.0,QSKVVPIASLt*PYQSKWTICA,ASK1,0.09911242,-0.1171355,-0.163311,-0.2897712,-0.4095162,-0.1362329,-0.2492984,-0.2307364,-0.3542113,-0.113722,-0.1435042
RFWD3_HUMAN / PCNA_HUMAN,0.7575,4,B,Y211,R175,6.0,89.62,3.0,5.0,EPVQLTFALRy*LNFFTKATPL,TNK1
SLN11_HUMAN / SLN11_HUMAN,0.96375,"1,2,4",A,S136,R82,1.0,94.10333333333334,1.0,0.0,CSLSSSLYRRs*ETSVRSMDSR,CK1A2
MCM3_HUMAN / MCM5_HUMAN,0.9893333329999999,"1,2,4",A,T255,R162,4.69,73.97666666666667,7.0,0.0,PGKKGGYTSGt*FRTVLIACNV,MEK2
MCM3_HUMAN / MCM5_HUMAN,0.989333333,"1,4",B,S604,R458,8.69,66.58,1.0,0.0,RQHERDSDRRs*SIPITVRQLE,CK1G3
NSE4A_HUMAN / SMC3_HUMAN,0.6285,1,B,S85,R83,8.0,81.56,1.0,0.0,SAFVEIIFDNs*DNRLPIDKEE,HRI
MSH6_HUMAN / RAD9A_HUMAN,0.576916667,"1,2,4",A,Y8,R45,6.0,61.156666666666666,2.0,0.0,MSRQSTLy*SFFPKSPALS,TYRO3
MSH6_HUMAN / RAD9A_HUMAN,0.576916667,4,A,S137,R45,3.0,68.44,36.0,0.0,VRVHVQFFDDs*PTRGWVSKRL,CDK2,-0.1313906,-0.02426246,-0.165497,0.01259738,-0.01877214,0.007896286,0.03029245,0.009914293,0.01295144,-0.04360805,-0.1851173
DNLI1_HUMAN / FEN1_HUMAN,0.884833333,"1,2,4",A,Y919,K200,6.150000000000001,59.79,1.0,0.0,EDSGSDPEDTy*,FYN
RAD52_HUMAN / CCNA2_HUMAN,0.546916667,"1,2,4",B,Y225,K258,4.0,91.04333333333334,1.0,0.0,VDWLVEVGEEy*KLQNETLHLA,CTK
CDT1_HUMAN / CDT1_HUMAN,0.681666667,2,A,S318,R427,9.37,78.84,11.0,1.0,EHHKAFLASLs*PAMVVPEDQL,SMG1,-0.5682635,-0.01319976,-0.4623648,0.02304612,-0.1394529,-0.5275282,0.24531,0.4167269,-0.4128942,-0.09157393,-0.5516415
TINF2_HUMAN / CDC7_HUMAN,0.469,2,A,S396,K179,8.0,51.25,2.0,1.0,VITIGDLVLDs*DEEENGQGEG,CK2A1
EXO1_HUMAN / PMS2_HUMAN,0.565083333,"2,4",B,S791,K104,3.0,84.18,1.0,0.0,QDVDELIFMLs*DSPGVMCRPS,PDHK1
EXO1_HUMAN / PMS2_HUMAN,0.565083333,"1,2,4",B,S793,R108,5.0,76.53,1.0,0.0,VDELIFMLSDs*PGVMCRPSRV,PDHK1
RAD9A_HUMAN / TOPB1_HUMAN,0.973083333,"1,2",A,S387,R121,3.5,55.769999999999996,25.0,11.0,QGPSPVLAEDs*EGEG,BMPR1B,0.08906607,-0.02163315,0.04506902,0.02773975,-0.01366469,-0.1014923,0.06846174,0.1659955,-0.02924323,-0.02374041,-0.08560278
XRCC1_HUMAN / CDC7_HUMAN,0.429333333,"1,2,4",A,S518,R380,4.666666666666667,56.56333333333333,7.0,3.0,EENGEDPYAGs*TDENTDSEEH,PDHK4
XRCC1_HUMAN / CDC7_HUMAN,0.429333333,"1,2,4",A,T519,K179,4.666666666666667,66.53333333333333,7.0,2.0,ENGEDPYAGSt*DENTDSEEHQ,VRK1
ORC3_HUMAN / ORC6_HUMAN,0.801333333,"1,2,4",B,T229,R368,4.1033333333333335,68.66333333333334,2.0,0.0,PHKPQKDEDLt*QDYEEWKRKI,ATM
CDC45_HUMAN / MCM5_HUMAN,0.746416667,"1,2,4",B,S133,K323,1.7733333333333334,81.77,1.0,0.0,DIQVMLKSDAs*PSSIRSLKSD,KIS,-0.02521288,0.2566201,0.04802589,0.1609691,-0.04444052,-0.1657982,0.01917169,-0.03882219,0.1204153,0.1280221,-0.1895205
TOP2B_HUMAN / TOP2B_HUMAN,0.9979999999999999,"1,2,4",A,T639,R825,1.0,93.18666666666667,1.0,0.0,WKIKYYKGLGt*STAKEAKEYF,NEK1
SP16H_HUMAN / DPOLA_HUMAN,0.705333333,"1,2,4",B,T55,R770,3.3333333333333335,61.56333333333333,1.0,0.0,EKYKYEVEDFt*GVYEEVDEEQ,BMPR2
RAD17_HUMAN / RFC3_HUMAN,0.992083333,"1,2,4",B,T283,K535,0.0,90.70666666666666,1.0,0.0,EVRGRLYELLt*HCIPPEIIMK,MEK2
MSH2_HUMAN / MSH6_HUMAN,0.99275,2,A,T897,K1358,6.0,73.44,1.0,0.0,FLSKVKQMPFt*EMSEENITIK,AlphaK3
RNH2B_HUMAN / DPOD1_HUMAN,0.67925,"1,2,4",A,T263,R639,1.6666666666666667,90.31333333333333,2.0,0.0,DEPVEAKEDYt*KFNTKDLKTE,TTK
RAD21_HUMAN / PDS5B_HUMAN,0.974583333,"1,2,4",B,S283,R90,2.6666666666666665,86.06,1.0,0.0,VLPQLEFKLKs*NDNEERLQVV,IKKA
PMS1_HUMAN / MLH3_HUMAN,0.988333333,"1,2,4",A,Y563,R1317,1.0,89.60333333333334,4.0,0.0,IDNKSGKVTAy*DLLSNRVIKK,AXL
PMS1_HUMAN / MLH3_HUMAN,0.988333333,"1,2,4",B,S1257,K573,2.3333333333333335,91.00333333333333,1.0,0.0,QGSGRKKLLSs*TLIPPLEITV,WNK3
ERCC5_HUMAN / RFA1_HUMAN,0.568666667,2,B,S195,K828,7.0,70.0,1.0,0.0,VPIASLTPYQs*KWTICARVTN,MARK4
CTIP_HUMAN / RAD50_HUMAN,0.753416667,"2,4",A,T847,R79,5.0,77.25,2.0,6.0,RHRFRYIPPNt*PENFWEVGFP,P38A
CTIP_HUMAN / RAD50_HUMAN,0.753416667,"2,4",A,T859,K6,5.5,79.345,1.0,3.0,ENFWEVGFPSt*QTCMERGYIK,VRK1
GEMI_HUMAN / CDT1_HUMAN,0.976416667,"1,2,4",A,Y98,R330,1.6666666666666667,92.77,1.0,1.0,LMIKENPSSQy*WKEVAEKRRK,ZAP70
MCM2_HUMAN / TIM_HUMAN,0.745,"1,2,4",A,Y137,R52,6.826666666666667,63.54666666666666,111.0,0.0,GLGRMRRGLLy*DSDEEDEERP,SRMS
SMC3_HUMAN / RAD21_HUMAN,0.993583333,"1,2,4",A,Y136,R54,5.0,74.77,1.0,0.0,ESAGFSRSNPy*YIVKQGKINQ,TNK1
SMC3_HUMAN / RAD21_HUMAN,0.993583333,"1,2,4",B,S46,R1024,3.0,81.75333333333333,6.0,0.0,NLESSVESIIs*PKVKMALRTS,ERK2
SMC3_HUMAN / RAD21_HUMAN,0.993583333,"1,2,4",B,S56,R1024,1.6666666666666667,87.41333333333334,2.0,0.0,SPKVKMALRTs*GHLLLGVVRI,RIPK3
SMC3_HUMAN / RAD21_HUMAN,0.993583333,"1,2,4",B,Y67,R186,0.0,94.25,2.0,0.0,GHLLLGVVRIy*HRKAKYLLAD,MUSK
SHLD2_HUMAN / SHLD1_HUMAN,0.913416667,"1,2,4",A,S787,K139,0.0,95.41666666666667,1.0,0.0,YGMVVADLFHs*LLAVSAEPCV,IKKE
XRCC1_HUMAN / TOP1_HUMAN,0.514916667,4,B,T706,R31,1.0,84.5,1.0,0.0,EQLMKLEVQAt*DREENKQIAL,CK2A1
CDC7_HUMAN / UBP37_HUMAN,0.333416667,4,B,S573,R373,5.86,65.28,1.0,0.0,LKRYSFNVALs*LNNKIGQQVI,YSK4
MCMBP_HUMAN / DTL_HUMAN,0.488916667,1,A,S298,K708,1.0,77.56,27.0,0.0,TDTAEEQRVHs*PPASLVPRIH,HIPK4,0.08169294,0.009150804,0.07851481,0.06054195,0.03087113,0.02225557,0.1013259,0.1143041,0.05352928,0.07341237,0.06472083
DDB1_HUMAN / CUL2_HUMAN,0.517416667,4,B,Y43,R928,4.0,88.06,1.0,0.0,ATWNDRFSDIy*ALCVAYPEPL,PYK2
SCC4_HUMAN / STAG2_HUMAN,0.643416667,"1,2",B,S1219,R372,5.0,55.81,1.0,0.0,ELKPDFFDPAs*IMDESVLGVS,TTBK1
DDB1_HUMAN / DTL_HUMAN,0.954916667,"1,2,4",A,S720,R8,0.3333333333333333,97.37333333333333,5.0,0.0,LHIRTVPLYEs*PRKICYQEVS,CDK2
DDB1_HUMAN / DTL_HUMAN,0.954916667,"1,2,4",A,Y871,R392,1.0,97.87333333333333,2.0,0.0,VAEKEVKGAVy*SMVEFNGKLL,FES
CCNA2_HUMAN / CDK2_HUMAN,1.0,"1,2,4",B,S46,K266,0.9666666666666667,94.17,2.0,1.0,RLDTETEGVPs*TAIREISLLK,TTBK2
ATAD5_HUMAN / RFC3_HUMAN,0.9745,"1,2,4",B,T283,R1771,3.0,81.56333333333333,1.0,0.0,EVRGRLYELLt*HCIPPEIIMK,MEK2
ERCC8_HUMAN / UVSSA_HUMAN,0.9267499999999999,"1,2,4",A,S390,R71,2.6666666666666665,73.79333333333334,3.0,0.0,QLNPAFEDAWs*SSDEEG,CK1G3
ERCC8_HUMAN / UVSSA_HUMAN,0.92675,"1,2",A,S391,K33,4.5,62.92,3.0,0.0,LNPAFEDAWSs*SDEEG,CK1G3
ERCC8_HUMAN / UVSSA_HUMAN,0.92675,"1,2",A,S392,K29,5.0,55.465,3.0,0.0,NPAFEDAWSSs*DEEG,CK1G3
ORC2_HUMAN / ORC5_HUMAN,0.9478333329999998,"1,2,4",A,S248,K325,1.1333333333333333,72.46333333333334,1.0,0.0,DLVEEYFEAHs*SSKVLTSDRT,MEK1
PARP1_HUMAN / PDS5A_HUMAN,0.49825,4,A,S274,K962,4.0,88.0,5.0,0.0,LLIFNKQQVPs*GESAILDRVA,skMLCK
SMC5_HUMAN / CDC7_HUMAN,0.410333333,4,A,S779,R466,6.0,83.12,1.0,0.0,DLILQNTTVIs*EKNKLESDYM,MLK3
CAF1B_HUMAN / ORC1_HUMAN,0.653916667,4,B,S850,R126,7.0,77.75,5.0,0.0,DLLLRVRLNVs*QDDVLYALKD,DNAPK
MSH6_HUMAN / MSH4_HUMAN,0.941166667,1,A,S9,K647,6.0,59.38,1.0,0.0,MSRQSTLYs*FFPKSPALSD,TYRO3
APEX1_HUMAN / RADX_HUMAN,0.487916667,2,A,T19,K255,9.0,50.75,2.0,0.0,AVAEDGDELRt*EPEAKKSKTA,AlphaK3
DPOE1_HUMAN / DPOE2_HUMAN,0.9945,"1,2,4",B,Y465,K2280,1.0,97.69,2.0,0.0,PLYVCPVYWAy*DYALRVYPVP,DDR1
RAD51_HUMAN / XRCC3_HUMAN,0.95175,1,B,T189,R250,8.0,84.25,1.0,0.0,IFIEHVADVDt*LLECVNKKVP,CK1G3
DPOA2_HUMAN / UBP37_HUMAN,0.5085,1,A,S229,K86,6.86,89.01,1.0,0.0,VLTCKIEELGs*ELKEHYKIEA,CK1D
GEMI_HUMAN / CDT1_HUMAN,0.976416667,"1,4",A,S95,R330,2.0,86.965,1.0,0.0,SFDLMIKENPs*SQYWKEVAEK,CK1E
ORC5_HUMAN / ORC6_HUMAN,0.573083333,1,B,Y232,R361,9.63,69.87,6.0,0.0,PQKDEDLTQDy*EEWKRKILEN,EPHA4
XRCC1_HUMAN / SP16H_HUMAN,0.327333333,2,B,S1004,R339,9.0,53.44,5.0,0.0,EEEARKADREs*RYEEEEEQSR,CK1G3,-0.3440299,0.09260241,0.2943637,-0.2856911,-0.483456,0.3064865,-0.650505,-0.5162225,-1.046311,-0.5654104,0.2887949
TDT_HUMAN / XRCC6_HUMAN,0.597,"1,2,4",B,S306,R112,3.3333333333333335,88.52333333333333,4.0,0.0,VKTKTRTFNTs*TGGLLLPSDT,NEK7
WAPL_HUMAN / SMC1A_HUMAN,0.836583333,"1,2,4",B,S735,K950,2.3333333333333335,88.48,1.0,0.0,RHLALNLQEKs*KLESELANFG,PLK1
XRCC1_HUMAN / POLK_HUMAN,0.560333333,4,B,T44,R564,1.0,77.81,1.0,0.0,EKINKIIMEAt*KGSRFYGNEL,HRI
SMC1A_HUMAN / DCC1_HUMAN,0.56675,"1,2,4",A,S289,K156,5.666666666666667,83.35666666666667,1.0,0.0,QIEKEIKEKDs*ELNQKRPQYI,TSSK2
RAD9A_HUMAN / TOPB1_HUMAN,0.973083333,2,A,T268,K996,6.0,50.39,1.0,0.0,GHFVLATLSDt*DSHSQDLGSP,MEK2
CCNA2_HUMAN / CDT1_HUMAN,0.668333333,1,A,Y225,R68,5.56,86.57,1.0,0.0,VDWLVEVGEEy*KLQNETLHLA,CTK
RMI1_HUMAN / RFA1_HUMAN,0.69725,2,A,S250,R41,5.0,53.03,1.0,0.0,LGPSDEELLAs*LDENDELTAN,IKKB
DPOLM_HUMAN / XRCC6_HUMAN,0.343666667,"1,2,4",B,S306,K54,3.6666666666666665,88.39666666666666,4.0,0.0,VKTKTRTFNTs*TGGLLLPSDT,NEK7
STAG1_HUMAN / UBP37_HUMAN,0.91675,"1,2,4",A,S781,R63,2.6666666666666665,85.0,1.0,0.0,SFLAVCQQCLs*NVNTPVKEQA,SMG1
MCM10_HUMAN / TICRR_HUMAN,0.344416667,4,A,S824,R565,1.0,81.43,1.0,0.0,FKCPCGNRSIs*LDRLPNKHCS,SRPK3
MMS22_HUMAN / CDC45_HUMAN,0.46675,4,B,T168,R678,7.0,53.5,7.0,0.0,TRLEEEIVEQt*MRRRQRREWE,HRI
RAD50_HUMAN / MSH2_HUMAN,0.549,4,A,S130,R373,7.0,66.62,1.0,0.0,RTKHGEKVSLs*SKCAEIDREM,CK1G3
DDB1_HUMAN / MUS81_HUMAN,0.386166667,4,B,Y53,R928,9.0,74.06,2.0,0.0,FQKALRSLRRy*PLPLRSGKEA,TNK1
RAD17_HUMAN / PCNA_HUMAN,0.47575,1,B,Y211,R202,9.0,89.73,3.0,5.0,EPVQLTFALRy*LNFFTKATPL,TNK1
RTEL1_HUMAN / MD2L2_HUMAN,0.374416667,4,A,S798,K47,7.0,50.78,2.0,0.0,KAKSLDLHVPs*LKQRSSGSPA,YSK4
MCM8_HUMAN / MCM2_HUMAN,0.663833333,4,B,S484,R441,1.0,82.46,1.0,0.0,GEKIFASIAPs*IYGHEDIKRG,CK1E
RAD51_HUMAN / RAD54_HUMAN,0.80525,"1,2,4",A,Y54,R102,2.0,86.96,2.0,2.0,AGFHTVEAVAy*APKKELINIK,TYK2
FANCM_HUMAN / FANCF_HUMAN,0.761083333,2,A,S997,R33,1.0,91.38,2.0,0.0,LANVERFLSYs*PPPLSGLSDL,HIPK4,0.09127423,0.1913823,-0.09893847,0.0547653,-0.3129556,0.225758,0.1170027,-0.2311001,0.2078451,-0.04654123,-0.05324888
XRCC1_HUMAN / RAD18_HUMAN,0.316416667,"2,4",A,Y370,R311,5.5,83.065,1.0,0.0,LICAFANTPKy*SQVLGLGGRI,ACK
FANCJ_HUMAN / UBP37_HUMAN,0.558416667,4,B,S415,K583,6.0,84.38,1.0,0.0,DLLKKVKNAIs*ATAERFSGYM,PRPK
MSH6_HUMAN / PMS2_HUMAN,0.628083333,"1,2",B,S220,R1068,6.0,81.56,1.0,0.0,KRQPVVCTGGs*PSIKENIGSV,PRPK
ERCC3_HUMAN / XRCC6_HUMAN,0.378333333,"1,2",B,T292,K526,5.0,85.595,1.0,0.0,KPPPIKLYREt*NEPVKTKTRT,CAMKK2
SSRP1_HUMAN / TOP1_HUMAN,0.618333333,1,A,S667,R163,6.0,57.81,21.0,0.0,SESFKSKEFVs*SDESSSGENK,YANK2,0.07933031,0.1175951,-0.07631431,0.1069232,0.2333266,0.07483074,0.120347,0.2401666,0.2143587,0.129101,-0.2560609
RFC5_HUMAN / RFC4_HUMAN,0.985416667,"1,2,4",B,T191,R215,1.0,89.97666666666667,1.0,0.0,NYVSRIIEPLt*SRCSKFRFKP,EEF2K
RFC5_HUMAN / RFC4_HUMAN,0.985416667,"1,2,4",B,S192,R214,0.6666666666666666,87.87333333333333,1.0,0.0,YVSRIIEPLTs*RCSKFRFKPL,BUB1
DPOLA_HUMAN / RFC1_HUMAN,0.7894166669999999,"1,2,4",B,T171,K411,4.0,74.58666666666666,2.0,0.0,TPTSVLDYFGt*GSVQRSNKKM,MEK2
CDC45_HUMAN / PSF1_HUMAN,0.78925,"1,2",B,S166,R18,9.385,79.7,1.0,0.0,YGEFEVDDGTs*VLLKKNSQHF,CK1G1
DPOE3_HUMAN / TOP1_HUMAN,0.655,"2,4",B,T570,K31,3.055,95.655,1.0,0.0,PEDDLFDRLNt*GILNKHLQDL,IRAK1
CTIP_HUMAN / DNA2_HUMAN,0.708583333,"1,2",A,S723,K616,4.0,64.86,11.0,1.0,SSNEERKMNDs*LEDMFDRTTH,BCKDK,0.4558333,0.2750199,1.081132,-0.1338363,1.484079,0.3988011,-0.1821683,1.244735,0.630267,0.1783761,-0.1937272
CTIP_HUMAN / DNA2_HUMAN,0.708583333,"2,4",A,T731,K628,5.5,58.685,0.0,1.0,NDSLEDMFDRt*THEEYESCLA,MEKK3
RAD50_HUMAN / SMC3_HUMAN,0.8395,"1,2,4",B,S1116,K42,2.0,81.20666666666666,1.0,0.0,QGEMREMQQLs*GGQKSLVALA,BIKE
XRCC5_HUMAN / WRN_HUMAN,0.9634166670000001,"1,2,4",A,S145,R13,5.0,85.66666666666667,18.0,0.0,FTDLSSRFSKs*QLDIIIHSLK,MARK1,0.2528366,-0.01300783,-0.1049938,0.3116854,-0.04588812,-0.2998472,0.06074269,-0.06192458,0.004322447,0.1040883,0.0002935476
SMC1A_HUMAN / WDHD1_HUMAN,0.551916667,"1,4",A,Y441,R456,6.5,85.44,1.0,0.0,NQKRIEKLEEy*ITTSKQSLEE,VEGFR1
MCMBP_HUMAN / DPOD4_HUMAN,0.304833333,"1,2,4",B,T8,R126,4.333333333333333,70.89666666666666,8.0,0.0,MGRKRLIt*DSYPVVKRRE,CRIK
PARP1_HUMAN / WDHD1_HUMAN,0.482666667,4,A,S257,K1019,9.0,78.25,4.0,0.0,NIKDELKKVCs*TNDLKELLIF,AMPKA2
STAG2_HUMAN / STAG1_HUMAN,0.772583333,1,A,T1193,R377,8.0,51.94,1.0,0.0,EDLNEGMDFDt*MDIDLPPSKN,MST2
XRCC5_HUMAN / XRCC6_HUMAN,0.999,"1,4",B,Y530,R260,1.0,94.345,2.0,1.0,SLVDEFKELVy*PPDYNPEGKV,FAK
MCMBP_HUMAN / DPOA2_HUMAN,0.517083333,"1,4",B,T115,R601,7.0,63.08,1.0,0.0,EEEILLNSYTt*PSKGSQKRAI,MYO3A
PMS2_HUMAN / MSH3_HUMAN,0.584166667,2,A,S220,K842,7.0,79.62,1.0,0.0,KRQPVVCTGGs*PSIKENIGSV,PRPK
ERCC3_HUMAN / TP53B_HUMAN,0.648166667,2,B,Y1523,R425,4.0,82.19,4.0,0.0,GKYKLLFDDGy*ECDVLGKDIL,SYK
RNF8_HUMAN / GEMI_HUMAN,0.514416667,2,B,Y150,K459,1.0,73.12,0.0,1.0,ELAEVAEHVQy*MAELIERLNG,DDR1
WDHD1_HUMAN / MSH6_HUMAN,0.48875,2,B,S137,R696,3.0,65.69,36.0,0.0,VRVHVQFFDDs*PTRGWVSKRL,CDK2,-0.1313906,-0.02426246,-0.165497,0.01259738,-0.01877214,0.007896286,0.03029245,0.009914293,0.01295144,-0.04360805,-0.1851173
MRE11_HUMAN / RFC1_HUMAN,0.66075,"1,2,4",B,T105,K293,4.0,75.68,2.0,0.0,PGKISRQDPVt*YISETDEEDD,VRK1
TE2IP_HUMAN / MSH2_HUMAN,0.5175,4,A,S179,R373,3.0,84.56,11.0,0.0,KSSLTQHSWQs*LKDRYLKHLR,MST1
PSF1_HUMAN / PSF3_HUMAN,0.994083333,"1,2,4",A,S45,R42,1.83,96.38333333333334,1.0,0.0,EMKALYEQNQs*DVNEAKSGGR,HUNK
MCM5_HUMAN / PSF2_HUMAN,0.81175,"2,4",B,S104,R48,3.31,72.14,1.0,0.0,ELTKLLLNHAs*DNIPKADEIR,CHK1
FACD2_HUMAN / FANCE_HUMAN,0.90525,"1,2,4",A,S201,R27,3.0,81.43666666666667,1.0,0.0,DLTTKIMQLIs*IAPENLQHDI,TTBK1
SMC6_HUMAN / REV1_HUMAN,0.300916667,4,B,T675,R568,6.0,76.5,1.0,0.0,IKTCGDLQYMt*MAKLQKEFGP,MYO3A
TRAIP_HUMAN / TRAIP_HUMAN,0.998416667,"1,2,4",A,Y240,K235,2.2866666666666666,90.61,1.0,0.0,FSSRSKLQTVy*SELDQAKLEL,AXL
ACD_HUMAN / TINF2_HUMAN,0.992666667,"1,2,4",A,S412,K149,1.0,79.73,1.0,0.0,WEPPKRHRDGs*AFQYEYEPPC,PLK4
CYREN_HUMAN / XRCC5_HUMAN,0.707916667,"1,2,4",B,S145,K9,5.666666666666667,85.96,18.0,0.0,FTDLSSRFSKs*QLDIIIHSLK,MARK1,0.2528366,-0.01300783,-0.1049938,0.3116854,-0.04588812,-0.2998472,0.06074269,-0.06192458,0.004322447,0.1040883,0.0002935476
APLF_HUMAN / XRCC4_HUMAN,0.466,"1,2",B,S232,K36,6.0,54.985,1.0,0.0,TADRDPVYDEs*TDEESENQTD,CAMK2G
APLF_HUMAN / XRCC4_HUMAN,0.466,"1,2",B,T233,K36,6.0,54.235,1.0,2.0,ADRDPVYDESt*DEESENQTDL,ALK2
TERF1_HUMAN / CCNA2_HUMAN,0.376833333,1,B,Y225,R378,6.0,91.69,1.0,0.0,VDWLVEVGEEy*KLQNETLHLA,CTK
RA51D_HUMAN / XRCC3_HUMAN,0.98175,1,A,S213,R243,2.0,85.19,1.0,0.0,VVVDSVTAVVs*PLLGGQQREG,PRP4
RAD17_HUMAN / RFC5_HUMAN,0.7621666670000001,"1,2,4",A,S335,R171,4.666666666666667,82.39666666666666,2.0,0.0,LCQGCSGDIRs*AINSLQFSSS,CK1G1
NIPBL_HUMAN / SMC1A_HUMAN,0.971083333,4,B,S1129,R797,1.0,78.5,1.0,0.0,GKRFRPMDNLs*GGEKTVAALA,GAK
MCM3_HUMAN / MCM5_HUMAN,0.989333333,4,A,T384,R420,9.37,73.32,1.0,0.0,SGVGLTAAVTt*DQETGERRLE,GSK3B
TERF1_HUMAN / DTL_HUMAN,0.426,4,A,S114,R528,5.0,79.19,1.0,1.0,SAEAIIHGLSs*LTACQLRTIY,TTBK1
RA51D_HUMAN / ORC6_HUMAN,0.311,"1,4",A,Y98,K236,1.5,92.655,1.0,0.0,SLDKLLDAGLy*TGEVTEIVGG,BRK
NTH_HUMAN / SCC4_HUMAN,0.3535,"1,4",B,Y76,R15,0.0,91.065,1.0,0.0,RTHLQLGSVLy*HHTKNSEQAR,MUSK
PSF2_HUMAN / TOPB1_HUMAN,0.478,2,A,S182,K1317,5.63,54.11,69.0,0.0,TNLQPLESTQs*QDF,DNAPK,0.3506766,0.1988856,0.8096076,0.2461589,1.870495,0.4128312,0.02896926,1.261104,0.3954522,0.06712392,0.04498881
DDB1_HUMAN / TRAIP_HUMAN,0.4565,1,A,Y871,R414,1.0,93.69,2.0,0.0,VAEKEVKGAVy*SMVEFNGKLL,FES
SETMR_HUMAN / RAD9A_HUMAN,0.703083333,1,B,T355,K187,7.0,55.94,18.0,5.0,DEAEPSTVPGt*PPPKKFRSLF,MPSK1,-0.002537558,0.004388551,-0.0007846894,0.02661472,-0.08862932,-0.09808365,-0.03610706,-0.04859686,-0.02951902,-0.04455565,0.03980969
DBF4A_HUMAN / DPOD1_HUMAN,0.330583333,1,B,T993,K81,0.89,64.93,1.0,0.0,LLRGDHTRCKt*VLTGKVGGLL,LATS1
TONSL_HUMAN / TICRR_HUMAN,0.356,4,B,T969,R203,4.0,50.64,13.0,3.0,HKLLTKSVAEt*PVHKQISKRL,CDK5
TONSL_HUMAN / TOP1_HUMAN,0.42425,4,B,T706,R789,1.0,82.71,1.0,0.0,EQLMKLEVQAt*DREENKQIAL,CK2A1
APLF_HUMAN / PARP1_HUMAN,0.5375,2,B,S257,R27,7.0,87.19,4.0,0.0,NIKDELKKVCs*TNDLKELLIF,AMPKA2
PMS1_HUMAN / PCNA_HUMAN,0.32425,1,A,S673,K254,6.0,58.19,3.0,0.0,AQKHKLKTSLs*NQPKLDELLQ,BUB1
MDC1_HUMAN / ABRX1_HUMAN,0.335,2,B,S406,K1936,8.0,57.25,36.0,2.0,KMKGFGEYSRs*PTF,PINK1,-0.05946256,-0.1652462,-0.1681374,0.09821683,-0.1156406,-0.0865575,-0.1166737,0.01607154,-0.06787064,-0.04753206,-0.08260977
XRCC6_HUMAN / CAF1A_HUMAN,0.510416667,4,A,T428,R36,7.0,89.81,1.0,0.0,EELDDQKIQVt*PPGFQLVFLP,BIKE
TE2IP_HUMAN / TOP1_HUMAN,0.46875,1,B,T706,R55,1.0,84.06,1.0,0.0,EQLMKLEVQAt*DREENKQIAL,CK2A1
XRCC6_HUMAN / RFC4_HUMAN,0.385916667,4,A,S155,K196,1.0,77.62,0.0,3.0,EVLWVCANLFs*DVQFKMSHKR,CDC7
PSF1_HUMAN / PSF3_HUMAN,0.994083333,2,B,S195,K144,9.87,59.65,5.0,0.0,DFQCWEKGQAs*QITASNLVQN,ATR,0.4938417,0.481952,1.005042,0.5372115,1.846185,0.5473055,0.4117903,1.333468,0.5065578,0.5050357,0.1497792
CDCA5_HUMAN / PDS5A_HUMAN,0.810166667,"1,2",B,S870,R162,5.5,88.905,2.0,0.0,TLRLLSAMLVs*EGDLTEQKRI,CDC7
APLF_HUMAN / XRCC1_HUMAN,0.477833333,2,B,Y515,K76,6.0,53.38,1.0,0.0,PGQEENGEDPy*AGSTDENTDS,FGR
APLF_HUMAN / XRCC1_HUMAN,0.477833333,2,B,S518,K36,4.0,58.97,7.0,3.0,EENGEDPYAGs*TDENTDSEEH,PDHK4
APLF_HUMAN / XRCC1_HUMAN,0.477833333,2,B,T519,R37,4.0,53.91,7.0,2.0,ENGEDPYAGSt*DENTDSEEHQ,VRK1
TP53B_HUMAN / TERF2_HUMAN,0.421333333,1,A,S1462,R151,5.0,50.25,26.0,0.0,VGAGALRRSDs*PEIPFQAAAG,SBK,-0.01658882,-0.001885769,-0.03780669,0.002384449,0.05942087,-0.01729995,0.06165711,0.04885203,0.05203043,-0.01881189,-0.02686907
PAXX_HUMAN / PAXX_HUMAN,0.9881666670000001,"1,2,4",A,T10,K130,0.0,98.77,1.0,0.0,MDPLSPPLCt*LPPGPEPPRF,LKB1
RAD9A_HUMAN / DTL_HUMAN,0.340333333,2,A,Y28,R507,0.0,92.19,0.0,1.0,HSLSRIGDELy*LEPLEDGLSL,EPHA2
RAD17_HUMAN / HUS1_HUMAN,0.61275,2,A,S678,K104,8.0,50.5,0.0,2.0,EENIIIEDYEs*DGT,MOS
SMC5_HUMAN / POLH_HUMAN,0.463666667,"1,4",A,Y626,K261,3.5,72.47,74.0,0.0,EEKYVVKTSFy*SNKVISSNTS,DDR1
XRCC6_HUMAN / FACD2_HUMAN,0.414833333,4,A,S155,K1362,2.0,82.31,0.0,3.0,EVLWVCANLFs*DVQFKMSHKR,CDC7
RAD21_HUMAN / PDS5A_HUMAN,0.937333333,2,A,T144,R406,2.0,78.69,2.0,1.0,SLNQSRVEEIt*MREEVGNISI,ALK4
ERCC8_HUMAN / DDB1_HUMAN,0.977,"1,2,4",A,T154,R111,3.3333333333333335,83.81,1.0,0.0,VYSHHMSPVSt*KHCLVAVGTR,BUB1
ERCC8_HUMAN / DDB1_HUMAN,0.977,"1,2,4",B,Y871,R25,1.0,98.17,2.0,0.0,VAEKEVKGAVy*SMVEFNGKLL,FES
DYL1_HUMAN / SSRP1_HUMAN,0.488916667,2,A,Y65,K663,8.0,68.5,194.0,0.0,HCIVGRNFGSy*VTHETKHFIY,DDR2
DYL1_HUMAN / SSRP1_HUMAN,0.488916667,2,A,T67,K663,0.0,75.69,5.0,0.0,IVGRNFGSYVt*HETKHFIYFY,CAMKK1
NBN_HUMAN / CCNE1_HUMAN,0.6665,4,A,S706,K143,7.0,53.81,1.0,0.0,AGKLPHIIGGs*DLIAHHARKN,PRPK
FAP24_HUMAN / FACD2_HUMAN,0.31325,"1,2,4",B,S251,R73,5.666666666666667,76.64666666666666,1.0,0.0,LTVPILDVLSs*LRLDPNFLLK,TTBK1
DPOE2_HUMAN / PSF1_HUMAN,0.82,"1,2",B,Y156,R22,6.915,71.085,1.0,0.0,LYIEVRCLKDy*GEFEVDDGTS,FAK
ABRX1_HUMAN / BRCA1_HUMAN,0.607166667,"1,2,4",A,S404,K1702,3.6666666666666665,55.48666666666667,6.0,2.0,IEKMKGFGEYs*RSPTF,BMPR2
ABRX1_HUMAN / BRCA1_HUMAN,0.607166667,"1,2,4",A,S406,K1702,2.6666666666666665,79.37666666666667,36.0,2.0,KMKGFGEYSRs*PTF,PINK1,-0.05946256,-0.1652462,-0.1681374,0.09821683,-0.1156406,-0.0865575,-0.1166737,0.01607154,-0.06787064,-0.04753206,-0.08260977
GEMI_HUMAN / CCNA2_HUMAN,0.480333333,4,B,Y225,R23,9.0,94.12,1.0,0.0,VDWLVEVGEEy*KLQNETLHLA,CTK
TCAB1_HUMAN / ATRIP_HUMAN,0.396916667,"1,2",A,T489,K665,5.5,64.875,10.0,0.0,ASGQRVFPEPt*ESGDEGEELG,ALK4
XRCC6_HUMAN / AFG2A_HUMAN,0.41875,4,A,S155,R472,9.0,71.56,0.0,3.0,EVLWVCANLFs*DVQFKMSHKR,CDC7
SMC1A_HUMAN / SMC1A_HUMAN,0.831,4,A,Y575,R635,6.0,77.94,2.0,0.0,GEPETFLPLDy*LEVKPTDEKL,JAK2
SMC1A_HUMAN / SMC1A_HUMAN,0.831,4,A,T644,K561,6.0,82.44,2.0,0.0,QRHKTVALDGt*LFQKSGVISG,MAP3K15
SMC1A_HUMAN / SMC1A_HUMAN,0.831,4,A,S657,R564,8.0,52.16,1.0,0.0,QKSGVISGGAs*DLKAKARRWD,PKR
XRCC6_HUMAN / TINF2_HUMAN,0.44825,2,A,S6,R56,7.0,51.19,7.0,2.0,MSGWEs*YYKTEGDEEA,ULK1
UBP7_HUMAN / CAF1A_HUMAN,0.358083333,4,B,S642,K217,6.0,67.56,1.0,0.0,DGFFVPHGYLs*EDEGVTEECA,GRK1
MSH2_HUMAN / PMS2_HUMAN,0.80775,1,B,S220,R373,4.0,85.69,1.0,0.0,KRQPVVCTGGs*PSIKENIGSV,PRPK
LLR1_HUMAN / ORC6_HUMAN,0.32225,1,B,T78,R275,7.02,76.55,1.0,0.0,LIKLSGLNKEt*YQSCLKSFEC,STLK3
XRCC1_HUMAN / CDC7_HUMAN,0.429333333,1,A,Y515,K416,6.0,53.59,1.0,0.0,PGQEENGEDPy*AGSTDENTDS,FGR
RIF1_HUMAN / XRCC6_HUMAN,0.3335,4,B,S6,K251,9.0,51.66,7.0,2.0,MSGWEs*YYKTEGDEEA,ULK1
MLH1_HUMAN / PMS1_HUMAN,1.0,4,A,T288,R871,0.0,82.56,1.0,0.0,TVYAAYLPKNt*HPFLYLSLEI,BUB1
XRCC5_HUMAN / XRCC5_HUMAN,0.647,4,B,S244,R431,0.0,74.56,4.0,0.0,LCVFKKIERHs*IHWPCRLTIG,CK1A2
ORC2_HUMAN / ORC5_HUMAN,0.947833333,1,A,S237,R373,9.32,59.61,2.0,0.0,PSKRMKRDKTs*DLVEEYFEAH,DAPK1
MCM3_HUMAN / MCM6_HUMAN,0.525166667,4,B,T195,R242,9.11,68.94,1.0,0.0,CANRRRFLLDt*NKSRFVDFQK,TAK1
SMC1A_HUMAN / SMC3_HUMAN,0.999,4,A,Y511,R246,9.0,79.12,1.0,0.0,AEIMESIKRLy*PGSVYGRLID,DDR1
SMC1A_HUMAN / SMC3_HUMAN,0.999,4,B,S383,K384,5.0,69.19,1.0,1.0,TDLYAKQGRGs*QFTSKEERDK,NIM1
CDCA5_HUMAN / PDS5A_HUMAN,0.810166667,2,B,Y364,K227,0.0,93.44,1.0,0.0,HPDLAKDLTEy*LKVRSHDPEE,JAK1
TERF1_HUMAN / SSRP1_HUMAN,0.33075,4,A,S114,R562,9.0,81.5,1.0,1.0,SAEAIIHGLSs*LTACQLRTIY,TTBK1
FACD2_HUMAN / CAF1B_HUMAN,0.609083333,1,A,S251,R126,1.0,70.25,1.0,0.0,LTVPILDVLSs*LRLDPNFLLK,TTBK1
XRCC6_HUMAN / CHK1_HUMAN,0.4075,4,A,S306,K224,6.0,81.75,4.0,0.0,VKTKTRTFNTs*TGGLLLPSDT,NEK7
XRCC6_HUMAN / CHK1_HUMAN,0.4075,4,A,S314,R263,6.0,82.19,1.0,0.0,NTSTGGLLLPs*DTKRSQIYGS,CHAK1
TICRR_HUMAN / TOPB1_HUMAN,0.749583333,4,A,T969,R121,2.0,74.66,13.0,3.0,HKLLTKSVAEt*PVHKQISKRL,CDK5
TICRR_HUMAN / TOPB1_HUMAN,0.749583333,4,A,S1001,K250,7.0,53.94,13.0,6.0,PGPDIGVVEEs*PEKGDEISLR,CDK2,-0.1961552,0.07355565,-0.243791,-0.1472844,-0.01157576,-0.05783793,0.05994262,0.03288935,-0.0180589,-0.08212802,-0.4343338
CTF8_HUMAN / DCC1_HUMAN,0.969416667,2,A,Y60,K16,2.45,93.12,1.0,0.0,PVLIVGHHILy*GKIIHLEKPF,ACK
ESCO2_HUMAN / MCM10_HUMAN,0.446583333,2,A,Y93,K377,3.0,51.94,1.0,0.0,TVSFYNQNKWy*LNPLERKLIK,RET
